0.000000000000000000e+00,0.000000000000000000e+00,0.000000000000000000e+00,0.000000000000000000e+00,0.000000000000000000e+00,0.000000000000000000e+00,0.000000000000000000e+00,0.000000000000000000e+00,0.000000000000000000e+00,0.000000000000000000e+00,0.000000000000000000e+00,0.000000000000000000e+00,0.000000000000000000e+00
1.233766233766234177e-02,-1.337601127769151554e-21,-4.012871254152354545e-21,0.000000000000000000e+00,0.000000000000000000e+00,0.000000000000000000e+00,0.000000000000000000e+00,0.000000000000000000e+00,-1.000000000000000056e-01,1.000000000000000056e-01,1.000000000000000056e-01,-1.000000000000000056e-01,0.000000000000000000e+00
2.467532467532468354e-02,-2.625592258894031915e-21,-8.041939549125182245e-21,0.000000000000000000e+00,0.000000000000000000e+00,0.000000000000000000e+00,0.000000000000000000e+00,0.000000000000000000e+00,-2.000000000000000111e-01,2.000000000000000111e-01,2.000000000000000111e-01,-2.000000000000000111e-01,0.000000000000000000e+00
3.701298701298702531e-02,-3.863777340540955757e-21,-1.208659159633500377e-20,0.000000000000000000e+00,0.000000000000000000e+00,0.000000000000000000e+00,0.000000000000000000e+00,0.000000000000000000e+00,-3.000000000000000444e-01,3.000000000000000444e-01,3.000000000000000444e-01,-3.000000000000000444e-01,0.000000000000000000e+00
4.935064935064936709e-02,-5.051967901152923886e-21,-1.614621173510220429e-20,0.000000000000000000e+00,0.000000000000000000e+00,0.000000000000000000e+00,0.000000000000000000e+00,0.000000000000000000e+00,-4.000000000000000222e-01,4.000000000000000222e-01,4.000000000000000222e-01,-4.000000000000000222e-01,0.000000000000000000e+00
6.168831168831170886e-02,-6.189983079138007493e-21,-2.022018202636442229e-20,0.000000000000000000e+00,0.000000000000000000e+00,0.000000000000000000e+00,0.000000000000000000e+00,0.000000000000000000e+00,-5.000000000000000000e-01,5.000000000000000000e-01,5.000000000000000000e-01,-5.000000000000000000e-01,0.000000000000000000e+00
7.402597402597405063e-02,-7.277649650399369803e-21,-2.430788234673676528e-20,0.000000000000000000e+00,0.000000000000000000e+00,0.000000000000000000e+00,0.000000000000000000e+00,0.000000000000000000e+00,-5.999999999999999778e-01,5.999999999999999778e-01,5.999999999999999778e-01,-5.999999999999999778e-01,0.000000000000000000e+00
8.636363636363639240e-02,-8.314802054702746377e-21,-2.840869048290448014e-20,0.000000000000000000e+00,0.000000000000000000e+00,0.000000000000000000e+00,0.000000000000000000e+00,0.000000000000000000e+00,-6.999999999999999556e-01,6.999999999999999556e-01,6.999999999999999556e-01,-6.999999999999999556e-01,0.000000000000000000e+00
9.870129870129873417e-02,-9.301282420877355799e-21,-3.252198222633377198e-20,0.000000000000000000e+00,0.000000000000000000e+00,0.000000000000000000e+00,0.000000000000000000e+00,0.000000000000000000e+00,-7.999999999999999334e-01,7.999999999999999334e-01,7.999999999999999334e-01,-7.999999999999999334e-01,0.000000000000000000e+00
1.110389610389610759e-01,-1.023694059084641446e-20,-3.664713146828633023e-20,0.000000000000000000e+00,0.000000000000000000e+00,0.000000000000000000e+00,0.000000000000000000e+00,0.000000000000000000e+00,-8.999999999999999112e-01,8.999999999999999112e-01,8.999999999999999112e-01,-8.999999999999999112e-01,0.000000000000000000e+00
1.233766233766234177e-01,-1.112163414248359615e-20,-4.078351029512305706e-20,0.000000000000000000e+00,0.000000000000000000e+00,0.000000000000000000e+00,0.000000000000000000e+00,0.000000000000000000e+00,-9.999999999999998890e-01,9.999999999999998890e-01,9.999999999999998890e-01,-9.999999999999998890e-01,0.000000000000000000e+00
1.357142857142857595e-01,-1.195522841129195707e-20,-4.493048908388259001e-20,0.000000000000000000e+00,0.000000000000000000e+00,0.000000000000000000e+00,0.000000000000000000e+00,0.000000000000000000e+00,-1.099999999999999867e+00,1.099999999999999867e+00,1.099999999999999867e+00,-1.099999999999999867e+00,0.000000000000000000e+00
1.480519480519481013e-01,-1.273759651090202198e-20,-4.908743659811994545e-20,0.000000000000000000e+00,0.000000000000000000e+00,0.000000000000000000e+00,0.000000000000000000e+00,0.000000000000000000e+00,-1.199999999999999956e+00,1.199999999999999956e+00,1.199999999999999956e+00,-1.199999999999999956e+00,0.000000000000000000e+00
1.603896103896104430e-01,-1.346861935238591998e-20,-5.325372008399082643e-20,0.000000000000000000e+00,0.000000000000000000e+00,0.000000000000000000e+00,0.000000000000000000e+00,0.000000000000000000e+00,-1.300000000000000044e+00,1.300000000000000044e+00,1.300000000000000044e+00,-1.300000000000000044e+00,0.000000000000000000e+00
1.727272727272727848e-01,-1.414818566238462086e-20,-5.742870536656684965e-20,0.000000000000000000e+00,0.000000000000000000e+00,0.000000000000000000e+00,0.000000000000000000e+00,0.000000000000000000e+00,-1.400000000000000133e+00,1.400000000000000133e+00,1.400000000000000133e+00,-1.400000000000000133e+00,0.000000000000000000e+00
1.850649350649351266e-01,-1.477619200004551842e-20,-6.161175694636710237e-20,0.000000000000000000e+00,0.000000000000000000e+00,0.000000000000000000e+00,0.000000000000000000e+00,0.000000000000000000e+00,-1.500000000000000222e+00,1.500000000000000222e+00,1.500000000000000222e+00,-1.500000000000000222e+00,0.000000000000000000e+00
1.974025974025974683e-01,-1.535254277276778352e-20,-6.580223809609132619e-20,0.000000000000000000e+00,0.000000000000000000e+00,0.000000000000000000e+00,0.000000000000000000e+00,0.000000000000000000e+00,-1.600000000000000311e+00,1.600000000000000311e+00,1.600000000000000311e+00,-1.600000000000000311e+00,0.000000000000000000e+00
2.097402597402598101e-01,-1.587715025075308074e-20,-6.999951095754000032e-20,0.000000000000000000e+00,0.000000000000000000e+00,0.000000000000000000e+00,0.000000000000000000e+00,0.000000000000000000e+00,-1.700000000000000400e+00,1.700000000000000400e+00,1.700000000000000400e+00,-1.700000000000000400e+00,0.000000000000000000e+00
2.220779220779221519e-01,-1.634993458035945205e-20,-7.420293663870652470e-20,0.000000000000000000e+00,0.000000000000000000e+00,0.000000000000000000e+00,0.000000000000000000e+00,0.000000000000000000e+00,-1.800000000000000488e+00,1.800000000000000488e+00,1.800000000000000488e+00,-1.800000000000000488e+00,0.000000000000000000e+00
2.344155844155844937e-01,-1.677082379625631207e-20,-7.841187531102682384e-20,0.000000000000000000e+00,0.000000000000000000e+00,0.000000000000000000e+00,0.000000000000000000e+00,0.000000000000000000e+00,-1.900000000000000577e+00,1.900000000000000577e+00,1.900000000000000577e+00,-1.900000000000000577e+00,0.000000000000000000e+00
2.467532467532468354e-01,-1.713975383237872233e-20,-8.262568630677144541e-20,0.000000000000000000e+00,0.000000000000000000e+00,0.000000000000000000e+00,0.000000000000000000e+00,0.000000000000000000e+00,-2.000000000000000444e+00,2.000000000000000444e+00,2.000000000000000444e+00,-2.000000000000000444e+00,0.000000000000000000e+00
2.590909090909091494e-01,-1.745666853167927732e-20,-8.684372821656546833e-20,0.000000000000000000e+00,0.000000000000000000e+00,0.000000000000000000e+00,0.000000000000000000e+00,0.000000000000000000e+00,-2.100000000000000533e+00,2.100000000000000533e+00,2.100000000000000533e+00,-2.100000000000000533e+00,0.000000000000000000e+00
2.714285714285714635e-01,-1.772151965467609184e-20,-9.106535898702123428e-20,0.000000000000000000e+00,0.000000000000000000e+00,0.000000000000000000e+00,0.000000000000000000e+00,0.000000000000000000e+00,-2.200000000000000622e+00,2.200000000000000622e+00,2.200000000000000622e+00,-2.200000000000000622e+00,0.000000000000000000e+00
2.837662337662337775e-01,-1.793426688679563151e-20,-9.528993601846912101e-20,0.000000000000000000e+00,0.000000000000000000e+00,0.000000000000000000e+00,0.000000000000000000e+00,0.000000000000000000e+00,-2.300000000000000711e+00,2.300000000000000711e+00,2.300000000000000711e+00,-2.300000000000000711e+00,0.000000000000000000e+00
2.961038961038960915e-01,-1.809487784450923121e-20,-9.951681626277151595e-20,0.000000000000000000e+00,0.000000000000000000e+00,0.000000000000000000e+00,0.000000000000000000e+00,0.000000000000000000e+00,-2.400000000000000799e+00,2.400000000000000799e+00,2.400000000000000799e+00,-2.400000000000000799e+00,0.000000000000000000e+00
3.084415584415584055e-01,-1.820332808026238633e-20,-1.037453563212050037e-19,0.000000000000000000e+00,0.000000000000000000e+00,0.000000000000000000e+00,0.000000000000000000e+00,0.000000000000000000e+00,-2.500000000000000888e+00,2.500000000000000888e+00,2.500000000000000888e+00,-2.500000000000000888e+00,0.000000000000000000e+00
3.207792207792207195e-01,-1.825960108619605869e-20,-1.079749125423959260e-19,0.000000000000000000e+00,0.000000000000000000e+00,0.000000000000000000e+00,0.000000000000000000e+00,0.000000000000000000e+00,-2.600000000000000977e+00,2.600000000000000977e+00,2.600000000000000977e+00,-2.600000000000000977e+00,0.000000000000000000e+00
3.331168831168830335e-01,-1.826368829665944040e-20,-1.122048411202944121e-19,0.000000000000000000e+00,0.000000000000000000e+00,0.000000000000000000e+00,0.000000000000000000e+00,0.000000000000000000e+00,-2.700000000000001066e+00,2.700000000000001066e+00,2.700000000000001066e+00,-2.700000000000001066e+00,0.000000000000000000e+00
3.454545454545453476e-01,-1.821558908951378126e-20,-1.164344981921719293e-19,0.000000000000000000e+00,0.000000000000000000e+00,0.000000000000000000e+00,0.000000000000000000e+00,0.000000000000000000e+00,-2.800000000000001155e+00,2.800000000000001155e+00,2.800000000000001155e+00,-2.800000000000001155e+00,0.000000000000000000e+00
3.577922077922076616e-01,-1.811531078622708742e-20,-1.206632399366275488e-19,0.000000000000000000e+00,0.000000000000000000e+00,0.000000000000000000e+00,0.000000000000000000e+00,0.000000000000000000e+00,-2.900000000000001243e+00,2.900000000000001243e+00,2.900000000000001243e+00,-2.900000000000001243e+00,0.000000000000000000e+00
3.701298701298699756e-01,-1.796286865075967895e-20,-1.248904226715877714e-19,0.000000000000000000e+00,0.000000000000000000e+00,0.000000000000000000e+00,0.000000000000000000e+00,0.000000000000000000e+00,-3.000000000000001332e+00,3.000000000000001332e+00,3.000000000000001332e+00,-3.000000000000001332e+00,0.000000000000000000e+00
3.824675324675322896e-01,-1.775828588724076604e-20,-1.291154029522852525e-19,0.000000000000000000e+00,0.000000000000000000e+00,0.000000000000000000e+00,0.000000000000000000e+00,0.000000000000000000e+00,-3.100000000000001421e+00,3.100000000000001421e+00,3.100000000000001421e+00,-3.100000000000001421e+00,0.000000000000000000e+00
3.948051948051946036e-01,-1.750159363643641688e-20,-1.333375376692013910e-19,0.000000000000000000e+00,0.000000000000000000e+00,0.000000000000000000e+00,0.000000000000000000e+00,0.000000000000000000e+00,-3.200000000000001510e+00,3.200000000000001510e+00,3.200000000000001510e+00,-3.200000000000001510e+00,0.000000000000000000e+00
4.071428571428569176e-01,-1.719283097100943173e-20,-1.375561841459578826e-19,0.000000000000000000e+00,0.000000000000000000e+00,0.000000000000000000e+00,0.000000000000000000e+00,0.000000000000000000e+00,-3.300000000000001599e+00,3.300000000000001599e+00,3.300000000000001599e+00,-3.300000000000001599e+00,0.000000000000000000e+00
4.194805194805192317e-01,-1.683204488957185768e-20,-1.417707002371423084e-19,0.000000000000000000e+00,0.000000000000000000e+00,0.000000000000000000e+00,0.000000000000000000e+00,0.000000000000000000e+00,-3.400000000000001688e+00,3.400000000000001688e+00,3.400000000000001688e+00,-3.400000000000001688e+00,0.000000000000000000e+00
4.318181818181815457e-01,-1.641929030953105258e-20,-1.459804444260529557e-19,0.000000000000000000e+00,0.000000000000000000e+00,0.000000000000000000e+00,0.000000000000000000e+00,0.000000000000000000e+00,-3.500000000000001776e+00,3.500000000000001776e+00,3.500000000000001776e+00,-3.500000000000001776e+00,0.000000000000000000e+00
4.441558441558438597e-01,-1.595463005873037576e-20,-1.501847759223478719e-19,0.000000000000000000e+00,0.000000000000000000e+00,0.000000000000000000e+00,0.000000000000000000e+00,0.000000000000000000e+00,-3.600000000000001865e+00,3.600000000000001865e+00,3.600000000000001865e+00,-3.600000000000001865e+00,0.000000000000000000e+00
4.564935064935061737e-01,-1.543813486588578425e-20,-1.543830547595834421e-19,0.000000000000000000e+00,0.000000000000000000e+00,0.000000000000000000e+00,0.000000000000000000e+00,0.000000000000000000e+00,-3.700000000000001954e+00,3.700000000000001954e+00,3.700000000000001954e+00,-3.700000000000001954e+00,0.000000000000000000e+00
4.688311688311684877e-01,-1.486988334981979712e-20,-1.585746418926274680e-19,0.000000000000000000e+00,0.000000000000000000e+00,0.000000000000000000e+00,0.000000000000000000e+00,0.000000000000000000e+00,-3.800000000000002043e+00,3.800000000000002043e+00,3.800000000000002043e+00,-3.800000000000002043e+00,0.000000000000000000e+00
4.811688311688308017e-01,-1.424996200749444690e-20,-1.627588992949321117e-19,0.000000000000000000e+00,0.000000000000000000e+00,0.000000000000000000e+00,0.000000000000000000e+00,0.000000000000000000e+00,-3.900000000000002132e+00,3.900000000000002132e+00,3.900000000000002132e+00,-3.900000000000002132e+00,0.000000000000000000e+00
4.935064935064931158e-01,-1.357846520084506882e-20,-1.669351900556516338e-19,0.000000000000000000e+00,0.000000000000000000e+00,0.000000000000000000e+00,0.000000000000000000e+00,0.000000000000000000e+00,-4.000000000000001776e+00,4.000000000000001776e+00,4.000000000000001776e+00,-4.000000000000001776e+00,0.000000000000000000e+00
5.058441558441554298e-01,-1.285549514241690028e-20,-1.711028784765905045e-19,0.000000000000000000e+00,0.000000000000000000e+00,0.000000000000000000e+00,0.000000000000000000e+00,0.000000000000000000e+00,-4.100000000000001421e+00,4.100000000000001421e+00,4.100000000000001421e+00,-4.100000000000001421e+00,0.000000000000000000e+00
5.181818181818177438e-01,-1.208116187980669808e-20,-1.752613301689667709e-19,0.000000000000000000e+00,0.000000000000000000e+00,0.000000000000000000e+00,0.000000000000000000e+00,0.000000000000000000e+00,-4.200000000000001066e+00,4.200000000000001066e+00,4.200000000000001066e+00,-4.200000000000001066e+00,0.000000000000000000e+00
5.305194805194800578e-01,-1.125558327891173404e-20,-1.794099121499761854e-19,0.000000000000000000e+00,0.000000000000000000e+00,0.000000000000000000e+00,0.000000000000000000e+00,0.000000000000000000e+00,-4.300000000000000711e+00,4.300000000000000711e+00,4.300000000000000711e+00,-4.300000000000000711e+00,0.000000000000000000e+00
5.428571428571423718e-01,-1.037888500598872988e-20,-1.835479929391422687e-19,0.000000000000000000e+00,0.000000000000000000e+00,0.000000000000000000e+00,0.000000000000000000e+00,0.000000000000000000e+00,-4.400000000000000355e+00,4.400000000000000355e+00,4.400000000000000355e+00,-4.400000000000000355e+00,0.000000000000000000e+00
5.551948051948046858e-01,-9.451200508525435249e-21,-1.876749426544378119e-19,0.000000000000000000e+00,0.000000000000000000e+00,0.000000000000000000e+00,0.000000000000000000e+00,0.000000000000000000e+00,-4.500000000000000000e+00,4.500000000000000000e+00,4.500000000000000000e+00,-4.500000000000000000e+00,0.000000000000000000e+00
5.675324675324669998e-01,-8.472670994927791940e-21,-1.917901331081628929e-19,0.000000000000000000e+00,0.000000000000000000e+00,0.000000000000000000e+00,0.000000000000000000e+00,0.000000000000000000e+00,-4.599999999999999645e+00,4.599999999999999645e+00,4.599999999999999645e+00,-4.599999999999999645e+00,0.000000000000000000e+00
5.798701298701293139e-01,-7.443445413025758268e-21,-1.958929379025651319e-19,0.000000000000000000e+00,0.000000000000000000e+00,0.000000000000000000e+00,0.000000000000000000e+00,0.000000000000000000e+00,-4.699999999999999289e+00,4.699999999999999289e+00,4.699999999999999289e+00,-4.699999999999999289e+00,0.000000000000000000e+00
5.922077922077916279e-01,-6.363680427401066905e-21,-1.999827325251874513e-19,0.000000000000000000e+00,0.000000000000000000e+00,0.000000000000000000e+00,0.000000000000000000e+00,0.000000000000000000e+00,-4.799999999999998934e+00,4.799999999999998934e+00,4.799999999999998934e+00,-4.799999999999998934e+00,0.000000000000000000e+00
6.045454545454539419e-01,-5.233540395540373096e-21,-2.040588944439288481e-19,0.000000000000000000e+00,0.000000000000000000e+00,0.000000000000000000e+00,0.000000000000000000e+00,0.000000000000000000e+00,-4.899999999999998579e+00,4.899999999999998579e+00,4.899999999999998579e+00,-4.899999999999998579e+00,0.000000000000000000e+00
6.168831168831162559e-01,-4.053197342817418670e-21,-2.081208032018036861e-19,0.000000000000000000e+00,0.000000000000000000e+00,0.000000000000000000e+00,0.000000000000000000e+00,0.000000000000000000e+00,-4.999999999999998224e+00,4.999999999999998224e+00,4.999999999999998224e+00,-4.999999999999998224e+00,0.000000000000000000e+00
6.292207792207785699e-01,-2.822830936308020425e-21,-2.121678405113852077e-19,0.000000000000000000e+00,0.000000000000000000e+00,0.000000000000000000e+00,0.000000000000000000e+00,0.000000000000000000e+00,-5.099999999999997868e+00,5.099999999999997868e+00,5.099999999999997868e+00,-5.099999999999997868e+00,0.000000000000000000e+00
6.415584415584408839e-01,-1.542628457441869999e-21,-2.161993903489187247e-19,0.000000000000000000e+00,0.000000000000000000e+00,0.000000000000000000e+00,0.000000000000000000e+00,0.000000000000000000e+00,-5.199999999999997513e+00,5.199999999999997513e+00,5.199999999999997513e+00,-5.199999999999997513e+00,0.000000000000000000e+00
6.538961038961031980e-01,-2.127847734953077811e-22,-2.202148390480903567e-19,0.000000000000000000e+00,0.000000000000000000e+00,0.000000000000000000e+00,0.000000000000000000e+00,0.000000000000000000e+00,-5.299999999999997158e+00,5.299999999999997158e+00,5.299999999999997158e+00,-5.299999999999997158e+00,0.000000000000000000e+00
6.662337662337655120e-01,1.166497692070590528e-21,-2.242135753934367277e-19,0.000000000000000000e+00,0.000000000000000000e+00,0.000000000000000000e+00,0.000000000000000000e+00,0.000000000000000000e+00,-5.399999999999996803e+00,5.399999999999996803e+00,5.399999999999996803e+00,-5.399999999999996803e+00,0.000000000000000000e+00
6.785714285714278260e-01,2.595008990422100802e-21,-2.281949907133818511e-19,0.000000000000000000e+00,0.000000000000000000e+00,0.000000000000000000e+00,0.000000000000000000e+00,0.000000000000000000e+00,-5.499999999999996447e+00,5.499999999999996447e+00,5.499999999999996447e+00,-5.499999999999996447e+00,0.000000000000000000e+00
6.909090909090901400e-01,4.072531679310418257e-21,-2.321584789728865655e-19,0.000000000000000000e+00,0.000000000000000000e+00,0.000000000000000000e+00,0.000000000000000000e+00,0.000000000000000000e+00,-5.599999999999996092e+00,5.599999999999996092e+00,5.599999999999996092e+00,-5.599999999999996092e+00,0.000000000000000000e+00
7.032467532467524540e-01,5.598840856169840105e-21,-2.361034368656968474e-19,0.000000000000000000e+00,0.000000000000000000e+00,0.000000000000000000e+00,0.000000000000000000e+00,0.000000000000000000e+00,-5.699999999999995737e+00,5.699999999999995737e+00,5.699999999999995737e+00,-5.699999999999995737e+00,0.000000000000000000e+00
7.155844155844147680e-01,7.173704192351533878e-21,-2.400292639061766291e-19,0.000000000000000000e+00,0.000000000000000000e+00,0.000000000000000000e+00,0.000000000000000000e+00,0.000000000000000000e+00,-5.799999999999995381e+00,5.799999999999995381e+00,5.799999999999995381e+00,-5.799999999999995381e+00,0.000000000000000000e+00
7.279220779220770821e-01,8.796881968487667694e-21,-2.439353625207112780e-19,0.000000000000000000e+00,0.000000000000000000e+00,0.000000000000000000e+00,0.000000000000000000e+00,0.000000000000000000e+00,-5.899999999999995026e+00,5.899999999999995026e+00,5.899999999999995026e+00,-5.899999999999995026e+00,0.000000000000000000e+00
7.402597402597393961e-01,1.046812711098053037e-20,-2.478211381386678235e-19,0.000000000000000000e+00,0.000000000000000000e+00,0.000000000000000000e+00,0.000000000000000000e+00,0.000000000000000000e+00,-5.999999999999994671e+00,5.999999999999994671e+00,5.999999999999994671e+00,-5.999999999999994671e+00,0.000000000000000000e+00
7.525974025974017101e-01,1.218718522961108178e-20,-2.516859992828982090e-19,0.000000000000000000e+00,0.000000000000000000e+00,0.000000000000000000e+00,0.000000000000000000e+00,0.000000000000000000e+00,-6.099999999999994316e+00,6.099999999999994316e+00,6.099999999999994316e+00,-6.099999999999994316e+00,0.000000000000000000e+00
7.649350649350640241e-01,1.395379465626120904e-20,-2.555293576597715572e-19,0.000000000000000000e+00,0.000000000000000000e+00,0.000000000000000000e+00,0.000000000000000000e+00,0.000000000000000000e+00,-6.199999999999993960e+00,6.199999999999993960e+00,6.199999999999993960e+00,-6.199999999999993960e+00,0.000000000000000000e+00
7.772727272727263381e-01,1.576768648474379491e-20,-2.593506282487217276e-19,0.000000000000000000e+00,0.000000000000000000e+00,0.000000000000000000e+00,0.000000000000000000e+00,0.000000000000000000e+00,-6.299999999999993605e+00,6.299999999999993605e+00,6.299999999999993605e+00,-6.299999999999993605e+00,0.000000000000000000e+00
7.896103896103886521e-01,1.762858461173454003e-20,-2.631492293912969723e-19,0.000000000000000000e+00,0.000000000000000000e+00,0.000000000000000000e+00,0.000000000000000000e+00,0.000000000000000000e+00,-6.399999999999993250e+00,6.399999999999993250e+00,6.399999999999993250e+00,-6.399999999999993250e+00,0.000000000000000000e+00
8.019480519480509662e-01,1.953620577879929920e-20,-2.669245828796974879e-19,0.000000000000000000e+00,0.000000000000000000e+00,0.000000000000000000e+00,0.000000000000000000e+00,0.000000000000000000e+00,-6.499999999999992895e+00,6.499999999999992895e+00,6.499999999999992895e+00,-6.499999999999992895e+00,0.000000000000000000e+00
8.142857142857132802e-01,2.149025961551054010e-20,-2.706761140447880543e-19,0.000000000000000000e+00,0.000000000000000000e+00,0.000000000000000000e+00,0.000000000000000000e+00,0.000000000000000000e+00,-6.599999999999992539e+00,6.599999999999992539e+00,6.599999999999992539e+00,-6.599999999999992539e+00,0.000000000000000000e+00
8.266233766233755942e-01,2.349044868364636720e-20,-2.744032518435716546e-19,0.000000000000000000e+00,0.000000000000000000e+00,0.000000000000000000e+00,0.000000000000000000e+00,0.000000000000000000e+00,-6.699999999999992184e+00,6.699999999999992184e+00,6.699999999999992184e+00,-6.699999999999992184e+00,0.000000000000000000e+00
8.389610389610379082e-01,2.553646852246536721e-20,-2.781054289461115559e-19,0.000000000000000000e+00,0.000000000000000000e+00,0.000000000000000000e+00,0.000000000000000000e+00,0.000000000000000000e+00,-6.799999999999991829e+00,6.799999999999991829e+00,6.799999999999991829e+00,-6.799999999999991829e+00,0.000000000000000000e+00
8.512987012987002222e-01,2.762800769505040271e-20,-2.817820818218878420e-19,0.000000000000000000e+00,0.000000000000000000e+00,0.000000000000000000e+00,0.000000000000000000e+00,0.000000000000000000e+00,-6.899999999999991473e+00,6.899999999999991473e+00,6.899999999999991473e+00,-6.899999999999991473e+00,0.000000000000000000e+00
8.636363636363625362e-01,2.976474783571428540e-20,-2.854326508255757807e-19,0.000000000000000000e+00,0.000000000000000000e+00,0.000000000000000000e+00,0.000000000000000000e+00,0.000000000000000000e+00,-6.999999999999991118e+00,6.999999999999991118e+00,6.999999999999991118e+00,-6.999999999999991118e+00,0.000000000000000000e+00
8.759740259740248502e-01,3.194636369846013065e-20,-2.890565802822329317e-19,0.000000000000000000e+00,0.000000000000000000e+00,0.000000000000000000e+00,0.000000000000000000e+00,0.000000000000000000e+00,-7.099999999999990763e+00,7.099999999999990763e+00,7.099999999999990763e+00,-7.099999999999990763e+00,0.000000000000000000e+00
8.883116883116871643e-01,3.417252320648898470e-20,-2.926533185718815116e-19,0.000000000000000000e+00,0.000000000000000000e+00,0.000000000000000000e+00,0.000000000000000000e+00,0.000000000000000000e+00,-7.199999999999990408e+00,7.199999999999990408e+00,7.199999999999990408e+00,-7.199999999999990408e+00,0.000000000000000000e+00
9.006493506493494783e-01,3.644288750274722219e-20,-2.962223182134740282e-19,0.000000000000000000e+00,0.000000000000000000e+00,0.000000000000000000e+00,0.000000000000000000e+00,0.000000000000000000e+00,-7.299999999999990052e+00,7.299999999999990052e+00,7.299999999999990052e+00,-7.299999999999990052e+00,0.000000000000000000e+00
9.129870129870117923e-01,3.875711100150601356e-20,-2.997630359482284143e-19,0.000000000000000000e+00,0.000000000000000000e+00,0.000000000000000000e+00,0.000000000000000000e+00,0.000000000000000000e+00,-7.399999999999989697e+00,7.399999999999989697e+00,7.399999999999989697e+00,-7.399999999999989697e+00,0.000000000000000000e+00
9.253246753246741063e-01,4.111484144096498384e-20,-3.032749328223208625e-19,0.000000000000000000e+00,0.000000000000000000e+00,0.000000000000000000e+00,0.000000000000000000e+00,0.000000000000000000e+00,-7.499999999999989342e+00,7.499999999999989342e+00,7.499999999999989342e+00,-7.499999999999989342e+00,0.000000000000000000e+00
9.376623376623364203e-01,4.351571993687210049e-20,-3.067574742689230746e-19,0.000000000000000000e+00,0.000000000000000000e+00,0.000000000000000000e+00,0.000000000000000000e+00,0.000000000000000000e+00,-7.599999999999988987e+00,7.599999999999988987e+00,7.599999999999988987e+00,-7.599999999999988987e+00,0.000000000000000000e+00
9.499999999999987343e-01,4.595938103715158084e-20,-3.102101301895720793e-19,0.000000000000000000e+00,0.000000000000000000e+00,0.000000000000000000e+00,0.000000000000000000e+00,0.000000000000000000e+00,-7.699999999999988631e+00,7.699999999999988631e+00,7.699999999999988631e+00,-7.699999999999988631e+00,0.000000000000000000e+00
9.623376623376610484e-01,4.844545277753154390e-20,-3.136323750348594265e-19,0.000000000000000000e+00,0.000000000000000000e+00,0.000000000000000000e+00,0.000000000000000000e+00,0.000000000000000000e+00,-7.799999999999988276e+00,7.799999999999988276e+00,7.799999999999988276e+00,-7.799999999999988276e+00,0.000000000000000000e+00
9.746753246753233624e-01,5.097355673816292006e-20,-3.170236878844283951e-19,0.000000000000000000e+00,0.000000000000000000e+00,0.000000000000000000e+00,0.000000000000000000e+00,0.000000000000000000e+00,-7.899999999999987921e+00,7.899999999999987921e+00,7.899999999999987921e+00,-7.899999999999987921e+00,0.000000000000000000e+00
9.870129870129856764e-01,5.354330810122099451e-20,-3.203835525262663101e-19,0.000000000000000000e+00,0.000000000000000000e+00,0.000000000000000000e+00,0.000000000000000000e+00,0.000000000000000000e+00,-7.999999999999987566e+00,7.999999999999987566e+00,7.999999999999987566e+00,-7.999999999999987566e+00,0.000000000000000000e+00
9.993506493506479904e-01,5.615431570948082106e-20,-3.237114575352803661e-19,0.000000000000000000e+00,0.000000000000000000e+00,0.000000000000000000e+00,0.000000000000000000e+00,0.000000000000000000e+00,-8.099999999999987210e+00,8.099999999999987210e+00,8.099999999999987210e+00,-8.099999999999987210e+00,0.000000000000000000e+00
1.011688311688310415e+00,5.880618212585762928e-20,-3.270068963511445819e-19,0.000000000000000000e+00,0.000000000000000000e+00,0.000000000000000000e+00,0.000000000000000000e+00,0.000000000000000000e+00,-8.199999999999986855e+00,8.199999999999986855e+00,8.199999999999986855e+00,-8.199999999999986855e+00,0.000000000000000000e+00
1.024025974025972729e+00,6.149850369390307664e-20,-3.302693673554063802e-19,0.000000000000000000e+00,0.000000000000000000e+00,0.000000000000000000e+00,0.000000000000000000e+00,0.000000000000000000e+00,-8.299999999999986500e+00,8.299999999999986500e+00,8.299999999999986500e+00,-8.299999999999986500e+00,0.000000000000000000e+00
1.036363636363635043e+00,6.423087059924822162e-20,-3.334983739478409953e-19,0.000000000000000000e+00,0.000000000000000000e+00,0.000000000000000000e+00,0.000000000000000000e+00,0.000000000000000000e+00,-8.399999999999986144e+00,8.399999999999986144e+00,8.399999999999986144e+00,-8.399999999999986144e+00,0.000000000000000000e+00
1.048701298701297357e+00,6.700286693198381081e-20,-3.366934246220419596e-19,0.000000000000000000e+00,0.000000000000000000e+00,0.000000000000000000e+00,0.000000000000000000e+00,0.000000000000000000e+00,-8.499999999999985789e+00,8.499999999999985789e+00,8.499999999999985789e+00,-8.499999999999985789e+00,0.000000000000000000e+00
1.061038961038959672e+00,6.981407074996842488e-20,-3.398540330402362124e-19,0.000000000000000000e+00,0.000000000000000000e+00,0.000000000000000000e+00,0.000000000000000000e+00,0.000000000000000000e+00,-8.599999999999985434e+00,8.599999999999985434e+00,8.599999999999985434e+00,-8.599999999999985434e+00,0.000000000000000000e+00
1.073376623376621986e+00,7.266405414305479965e-20,-3.429797181073124654e-19,0.000000000000000000e+00,0.000000000000000000e+00,0.000000000000000000e+00,0.000000000000000000e+00,0.000000000000000000e+00,-8.699999999999985079e+00,8.699999999999985079e+00,8.699999999999985079e+00,-8.699999999999985079e+00,0.000000000000000000e+00
1.085714285714284300e+00,7.555238329822462031e-20,-3.460700040440516066e-19,0.000000000000000000e+00,0.000000000000000000e+00,0.000000000000000000e+00,0.000000000000000000e+00,0.000000000000000000e+00,-8.799999999999984723e+00,8.799999999999984723e+00,8.799999999999984723e+00,-8.799999999999984723e+00,0.000000000000000000e+00
1.098051948051946614e+00,7.847861856562176198e-20,-3.491244204595478301e-19,0.000000000000000000e+00,0.000000000000000000e+00,0.000000000000000000e+00,0.000000000000000000e+00,0.000000000000000000e+00,-8.899999999999984368e+00,8.899999999999984368e+00,8.899999999999984368e+00,-8.899999999999984368e+00,0.000000000000000000e+00
1.110389610389608928e+00,8.144231452547403397e-20,-3.521425024228097516e-19,0.000000000000000000e+00,0.000000000000000000e+00,0.000000000000000000e+00,0.000000000000000000e+00,0.000000000000000000e+00,-8.999999999999984013e+00,8.999999999999984013e+00,8.999999999999984013e+00,-8.999999999999984013e+00,0.000000000000000000e+00
1.122727272727271242e+00,8.444302005589319626e-20,-3.551237905335302451e-19,0.000000000000000000e+00,0.000000000000000000e+00,0.000000000000000000e+00,0.000000000000000000e+00,0.000000000000000000e+00,-9.099999999999983658e+00,9.099999999999983658e+00,9.099999999999983658e+00,-9.099999999999983658e+00,0.000000000000000000e+00
1.135064935064933556e+00,8.748027840154290831e-20,-3.580678309920146001e-19,0.000000000000000000e+00,0.000000000000000000e+00,0.000000000000000000e+00,0.000000000000000000e+00,0.000000000000000000e+00,-9.199999999999983302e+00,9.199999999999983302e+00,9.199999999999983302e+00,-9.199999999999983302e+00,0.000000000000000000e+00
1.147402597402595870e+00,9.055362724316421024e-20,-3.609741756682559728e-19,0.000000000000000000e+00,0.000000000000000000e+00,0.000000000000000000e+00,0.000000000000000000e+00,0.000000000000000000e+00,-9.299999999999982947e+00,9.299999999999982947e+00,9.299999999999982947e+00,-9.299999999999982947e+00,0.000000000000000000e+00
1.159740259740258184e+00,9.366259876794787152e-20,-3.638423821701480693e-19,0.000000000000000000e+00,0.000000000000000000e+00,0.000000000000000000e+00,0.000000000000000000e+00,0.000000000000000000e+00,-9.399999999999982592e+00,9.399999999999982592e+00,9.399999999999982592e+00,-9.399999999999982592e+00,0.000000000000000000e+00
1.172077922077920498e+00,9.680671974074300254e-20,-3.666720139108241308e-19,0.000000000000000000e+00,0.000000000000000000e+00,0.000000000000000000e+00,0.000000000000000000e+00,0.000000000000000000e+00,-9.499999999999982236e+00,9.499999999999982236e+00,9.499999999999982236e+00,-9.499999999999982236e+00,0.000000000000000000e+00
1.184415584415582812e+00,9.998551157609101131e-20,-3.694626401751125903e-19,0.000000000000000000e+00,0.000000000000000000e+00,0.000000000000000000e+00,0.000000000000000000e+00,0.000000000000000000e+00,-9.599999999999981881e+00,9.599999999999981881e+00,9.599999999999981881e+00,-9.599999999999981881e+00,0.000000000000000000e+00
1.196753246753245126e+00,1.031984904110739278e-19,-3.722138361850986654e-19,0.000000000000000000e+00,0.000000000000000000e+00,0.000000000000000000e+00,0.000000000000000000e+00,0.000000000000000000e+00,-9.699999999999981526e+00,9.699999999999981526e+00,9.699999999999981526e+00,-9.699999999999981526e+00,0.000000000000000000e+00
1.209090909090907440e+00,1.064451671789661056e-19,-3.749251831647825448e-19,0.000000000000000000e+00,0.000000000000000000e+00,0.000000000000000000e+00,0.000000000000000000e+00,0.000000000000000000e+00,-9.799999999999981171e+00,9.799999999999981171e+00,9.799999999999981171e+00,-9.799999999999981171e+00,0.000000000000000000e+00
1.221428571428569754e+00,1.097250476836779626e-19,-3.775962684038235287e-19,0.000000000000000000e+00,0.000000000000000000e+00,0.000000000000000000e+00,0.000000000000000000e+00,0.000000000000000000e+00,-9.899999999999980815e+00,9.899999999999980815e+00,9.899999999999980815e+00,-9.899999999999980815e+00,0.000000000000000000e+00
1.233766233766232068e+00,1.130376326749805656e-19,-3.802266853203613601e-19,0.000000000000000000e+00,0.000000000000000000e+00,0.000000000000000000e+00,0.000000000000000000e+00,0.000000000000000000e+00,-9.999999999999980460e+00,9.999999999999980460e+00,9.999999999999980460e+00,-9.999999999999980460e+00,0.000000000000000000e+00
